[
  {
    "_id": "589cd1c8422e9a520b4b7bc2",
    "country": "Canada",
    "quantity": 45,
    "rmc": "M93884955",
    "price": "$2250"
  },
  {
    "_id": "589cd1c83641e9ed020b1483",
    "country": "Greece",
    "quantity": 8,
    "rmc": "M07003240",
    "price": "$3000"
  },
  {
    "_id": "589cd1c81d06c28a05bac805",
    "country": "Armenia",
    "quantity": 10,
    "rmc": "M28533171",
    "price": "$999"
  },
  {
    "_id": "589cd1c81f93784c97e51aa6",
    "country": "Belgium",
    "quantity": 5,
    "rmc": "M23087740",
    "price": "$1000"
  },
  {
    "_id": "589cd1c850b76f9d70a33dd1",
    "country": "Denmark",
    "quantity": 17,
    "rmc": "M66248976",
    "price": "$2500"
  },
  {
    "_id": "589cd1c8dae3c26bee7f6e3f",
    "country": "Argentina",
    "quantity": 22,
    "rmc": "M62192656",
    "price": "$1250"
  }
]